runs,opponent,ground,date,match,Match_No,total
12,SriLanka,Dambulla,2008-08-18,ODI,1,12
37,SriLanka,Dambulla,2008-08-20,ODI,2,49
25,SriLanka,Colombo(RPS),2008-08-24,ODI,3,74
54,SriLanka,Colombo(RPS),2008-08-27,ODI,4,128
31,SriLanka,Colombo(RPS),2008-08-29,ODI,5,159
2,SriLanka,Colombo(RPS),2009-09-14,ODI,6,161
16,Pakistan,Centurion,2009-09-26,ODI,7,177
79,WestIndies,Johannesburg,2009-09-30,ODI,8,256
30,Australia,Vadodara,2009-10-25,ODI,9,286
10,Australia,Mohali,2009-11-02,ODI,10,296
27,SriLanka,Rajkot,2009-12-15,ODI,11,323
54,SriLanka,Nagpur,2009-12-18,ODI,12,377
107,SriLanka,Kolkata,2009-12-24,ODI,13,484
9,SriLanka,Mirpur,2010-01-05,ODI,14,493
91,Bangladesh,Mirpur,2010-01-07,ODI,15,584
71,SriLanka,Mirpur,2010-01-10,ODI,16,655
102,Bangladesh,Mirpur,2010-01-11,ODI,17,757
2,SriLanka,Mirpur,2010-01-13,ODI,18,759
31,SouthAfrica,Jaipur,2010-02-21,ODI,19,790
57,SouthAfrica,Ahmedabad,2010-02-27,ODI,20,847
0,Zimbabwe,Bulawayo,2010-05-28,ODI,21,847
82,SriLanka,Bulawayo,2010-05-30,ODI,22,929
18,Zimbabwe,Harare,2010-06-03,ODI,23,947
68,SriLanka,Harare,2010-06-05,ODI,24,1015
26,Zimbabwe,Harare,2010-06-12,T20,25,1041
11,Bangladesh,Dambulla,2010-06-16,ODI,26,1052
18,Pakistan,Dambulla,2010-06-19,ODI,27,1070
10,SriLanka,Dambulla,2010-06-22,ODI,28,1080
28,SriLanka,Dambulla,2010-06-24,ODI,29,1108
0,SriLanka,Dambulla,2010-08-16,ODI,30,1108
8,NewZealand,Dambulla,2010-08-25,ODI,31,1116
37,SriLanka,Dambulla,2010-08-28,ODI,32,1153
118,Australia,Visakhapatnam,2010-10-20,ODI,33,1271
105,NewZealand,Guwahati,2010-11-28,ODI,34,1376
64,NewZealand,Jaipur,2010-12-01,ODI,35,1440
63,NewZealand,Vadodara,2010-12-04,ODI,36,1503
0,NewZealand,Bengaluru,2010-12-07,ODI,37,1503
2,NewZealand,Chennai,2010-12-10,ODI,38,1505
28,SouthAfrica,Durban,2011-01-09,T20,39,1533
54,SouthAfrica,Durban,2011-01-12,ODI,40,1587
22,SouthAfrica,Johannesburg,2011-01-15,ODI,41,1609
28,SouthAfrica,CapeTown,2011-01-18,ODI,42,1637
87,SouthAfrica,Gqeberha,2011-01-21,ODI,43,1724
2,SouthAfrica,Centurion,2011-01-23,ODI,44,1726
100,Bangladesh,Mirpur,2011-02-19,ODI,45,1826
8,England,Bengaluru,2011-02-27,ODI,46,1834
34,Ireland,Bengaluru,2011-03-06,ODI,47,1868
12,Netherlands,Delhi,2011-03-09,ODI,48,1880
1,SouthAfrica,Nagpur,2011-03-12,ODI,49,1881
59,WestIndies,Chennai,2011-03-20,ODI,50,1940
24,Australia,Ahmedabad,2011-03-24,ODI,51,1964
9,Pakistan,Mohali,2011-03-30,ODI,52,1973
35,SriLanka,Wankhede,2011-04-02,ODI,53,2008
14,WestIndies,PortofSpain,2011-06-04,T20,54,2022
2,WestIndies,PortofSpain,2011-06-06,ODI,55,2024
81,WestIndies,PortofSpain,2011-06-08,ODI,56,2105
0,WestIndies,NorthSound,2011-06-11,ODI,57,2105
22,WestIndies,NorthSound,2011-06-13,ODI,58,2127
94,WestIndies,Kingston,2011-06-16,ODI,59,2221
4,WestIndies,Kingston,2011-06-20,Test,60,2225
15,WestIndies,Kingston,2011-06-20,Test,61,2240
0,WestIndies,Bridgetown,2011-06-28,Test,62,2240
27,WestIndies,Bridgetown,2011-06-28,Test,63,2267
30,WestIndies,Roseau,2011-07-06,Test,64,2297
4,England,Manchester,2011-08-31,T20,65,2301
55,England,Chester-le-Street,2011-09-03,ODI,66,2356
9,England,Southampton,2011-09-06,ODI,67,2365
7,England,TheOval,2011-09-09,ODI,68,2372
16,England,Lord's,2011-09-11,ODI,69,2388
107,England,Cardiff,2011-09-16,ODI,70,2495
37,England,Hyderabad(Deccan),2011-10-14,ODI,71,2532
112,England,Delhi,2011-10-17,ODI,72,2644
35,England,Mohali,2011-10-20,ODI,73,2679
86,England,Wankhede,2011-10-23,ODI,74,2765
0,England,Kolkata,2011-10-25,ODI,75,2765
15,England,Kolkata,2011-10-29,T20,76,2780
52,WestIndies,Wankhede,2011-11-22,Test,77,2832
63,WestIndies,Wankhede,2011-11-22,Test,78,2895
3,WestIndies,Cuttack,2011-11-29,ODI,79,2898
117,WestIndies,Visakhapatnam,2011-12-02,ODI,80,3015
20,WestIndies,Ahmedabad,2011-12-05,ODI,81,3035
23,WestIndies,Indore,2011-12-08,ODI,82,3058
80,WestIndies,Chennai,2011-12-11,ODI,83,3138
11,Australia,Melbourne,2011-12-26,Test,84,3149
0,Australia,Melbourne,2011-12-26,Test,85,3149
23,Australia,Sydney,2012-01-03,Test,86,3172
9,Australia,Sydney,2012-01-03,Test,87,3181
44,Australia,Perth,2012-01-13,Test,88,3225
75,Australia,Perth,2012-01-13,Test,89,3300
116,Australia,Adelaide,2012-01-24,Test,90,3416
22,Australia,Adelaide,2012-01-24,Test,91,3438
22,Australia,Sydney,2012-02-01,T20,92,3460
31,Australia,Melbourne,2012-02-03,T20,93,3491
31,Australia,Melbourne,2012-02-05,ODI,94,3522
77,SriLanka,Perth,2012-02-08,ODI,95,3599
18,Australia,Adelaide,2012-02-12,ODI,96,3617
15,SriLanka,Adelaide,2012-02-14,ODI,97,3632
12,Australia,Brisbane,2012-02-19,ODI,98,3644
66,SriLanka,Brisbane,2012-02-21,ODI,99,3710
21,Australia,Sydney,2012-02-26,ODI,100,3731
133,SriLanka,Hobart,2012-02-28,ODI,101,3864
108,SriLanka,Mirpur,2012-03-13,ODI,102,3972
66,Bangladesh,Mirpur,2012-03-16,ODI,103,4038
183,Pakistan,Mirpur,2012-03-18,ODI,104,4221
106,SriLanka,Hambantota,2012-07-21,ODI,105,4327
1,SriLanka,Hambantota,2012-07-24,ODI,106,4328
38,SriLanka,Colombo(RPS),2012-07-28,ODI,107,4366
128,SriLanka,Colombo(RPS),2012-07-31,ODI,108,4494
23,SriLanka,Pallekele,2012-08-04,ODI,109,4517
68,SriLanka,Pallekele,2012-08-07,T20,110,4585
58,NewZealand,Hyderabad(Deccan),2012-08-23,Test,111,4643
103,NewZealand,Bengaluru,2012-08-31,Test,112,4746
51,NewZealand,Bengaluru,2012-08-31,Test,113,4797
70,NewZealand,Chennai,2012-09-11,T20,114,4867
50,Afghanistan,Colombo(RPS),2012-09-19,T20,115,4917
40,England,Colombo(RPS),2012-09-23,T20,116,4957
15,Australia,Colombo(RPS),2012-09-28,T20,117,4972
78,Pakistan,Colombo(RPS),2012-09-30,T20,118,5050
2,SouthAfrica,Colombo(RPS),2012-10-02,T20,119,5052
19,England,Ahmedabad,2012-11-15,Test,120,5071
14,England,Ahmedabad,2012-11-15,Test,121,5085
19,England,Wankhede,2012-11-23,Test,122,5104
7,England,Wankhede,2012-11-23,Test,123,5111
6,England,Kolkata,2012-12-05,Test,124,5117
20,England,Kolkata,2012-12-05,Test,125,5137
103,England,Nagpur,2012-12-13,Test,126,5240
21,England,Pune,2012-12-20,T20,127,5261
38,England,Wankhede,2012-12-22,T20,128,5299
9,Pakistan,Bengaluru,2012-12-25,T20,129,5308
27,Pakistan,Ahmedabad,2012-12-28,T20,130,5335
0,Pakistan,Chennai,2012-12-30,ODI,131,5335
6,Pakistan,Kolkata,2013-01-03,ODI,132,5341
7,Pakistan,Delhi,2013-01-06,ODI,133,5348
15,England,Rajkot,2013-01-11,ODI,134,5363
37,England,Kochi,2013-01-15,ODI,135,5400
77,England,Ranchi,2013-01-19,ODI,136,5477
26,England,Mohali,2013-01-23,ODI,137,5503
0,England,Dharamsala,2013-01-27,ODI,138,5503
107,Australia,Chennai,2013-02-22,Test,139,5610
34,Australia,Hyderabad(Deccan),2013-03-02,Test,140,5644
67,Australia,Mohali,2013-03-14,Test,141,5711
34,Australia,Mohali,2013-03-14,Test,142,5745
1,Australia,Delhi,2013-03-22,Test,143,5746
41,Australia,Delhi,2013-03-22,Test,144,5787
31,SouthAfrica,Cardiff,2013-06-06,ODI,145,5818
22,WestIndies,TheOval,2013-06-11,ODI,146,5840
22,Pakistan,Birmingham,2013-06-15,ODI,147,5862
58,SriLanka,Cardiff,2013-06-20,ODI,148,5920
43,England,Birmingham,2013-06-23,ODI,149,5963
11,WestIndies,Kingston,2013-06-30,ODI,150,5974
2,SriLanka,Kingston,2013-07-02,ODI,151,5976
102,WestIndies,PortofSpain,2013-07-05,ODI,152,6078
31,SriLanka,PortofSpain,2013-07-09,ODI,153,6109
2,SriLanka,PortofSpain,2013-07-11,ODI,154,6111
115,Zimbabwe,Harare,2013-07-24,ODI,155,6226
14,Zimbabwe,Harare,2013-07-26,ODI,156,6240
68,Zimbabwe,Harare,2013-07-28,ODI,157,6308
29,Australia,Rajkot,2013-10-10,T20,158,6337
61,Australia,Pune,2013-10-13,ODI,159,6398
100,Australia,Jaipur,2013-10-16,ODI,160,6498
68,Australia,Mohali,2013-10-19,ODI,161,6566
115,Australia,Nagpur,2013-10-30,ODI,162,6681
0,Australia,Bengaluru,2013-11-02,ODI,163,6681
3,WestIndies,Kolkata,2013-11-06,Test,164,6684
57,WestIndies,Wankhede,2013-11-14,Test,165,6741
86,WestIndies,Kochi,2013-11-21,ODI,166,6827
99,WestIndies,Visakhapatnam,2013-11-24,ODI,167,6926
19,WestIndies,Kanpur,2013-11-27,ODI,168,6945
31,SouthAfrica,Johannesburg,2013-12-05,ODI,169,6976
0,SouthAfrica,Durban,2013-12-08,ODI,170,6976
119,SouthAfrica,Johannesburg,2013-12-18,Test,171,7095
96,SouthAfrica,Johannesburg,2013-12-18,Test,172,7191
46,SouthAfrica,Durban,2013-12-26,Test,173,7237
11,SouthAfrica,Durban,2013-12-26,Test,174,7248
123,NewZealand,Napier,2014-01-19,ODI,175,7371
78,NewZealand,Hamilton,2014-01-22,ODI,176,7449
6,NewZealand,Auckland,2014-01-25,ODI,177,7455
2,NewZealand,Hamilton,2014-01-28,ODI,178,7457
82,NewZealand,Wellington,2014-01-31,ODI,179,7539
4,NewZealand,Auckland,2014-02-06,Test,180,7543
67,NewZealand,Auckland,2014-02-06,Test,181,7610
38,NewZealand,Wellington,2014-02-14,Test,182,7648
105,NewZealand,Wellington,2014-02-14,Test,183,7753
136,Bangladesh,Fatullah,2014-02-26,ODI,184,7889
48,SriLanka,Fatullah,2014-02-28,ODI,185,7937
5,Pakistan,Mirpur,2014-03-02,ODI,186,7942
36,Pakistan,Mirpur,2014-03-21,T20,187,7978
54,WestIndies,Mirpur,2014-03-23,T20,188,8032
57,Bangladesh,Mirpur,2014-03-28,T20,189,8089
23,Australia,Mirpur,2014-03-30,T20,190,8112
72,SouthAfrica,Mirpur,2014-04-04,T20,191,8184
77,SriLanka,Mirpur,2014-04-06,T20,192,8261
1,England,Nottingham,2014-07-09,Test,193,8262
8,England,Nottingham,2014-07-09,Test,194,8270
25,England,Lord's,2014-07-17,Test,195,8295
0,England,Lord's,2014-07-17,Test,196,8295
39,England,Southampton,2014-07-27,Test,197,8334
28,England,Southampton,2014-07-27,Test,198,8362
0,England,Manchester,2014-08-07,Test,199,8362
7,England,Manchester,2014-08-07,Test,200,8369
6,England,TheOval,2014-08-15,Test,201,8375
20,England,TheOval,2014-08-15,Test,202,8395
0,England,Cardiff,2014-08-27,ODI,203,8395
40,England,Nottingham,2014-08-30,ODI,204,8435
1,England,Birmingham,2014-09-02,ODI,205,8436
13,England,Leeds,2014-09-05,ODI,206,8449
66,England,Birmingham,2014-09-07,T20,207,8515
2,WestIndies,Kochi,2014-10-08,ODI,208,8517
62,WestIndies,Delhi,2014-10-11,ODI,209,8579
127,WestIndies,Dharamsala,2014-10-17,ODI,210,8706
22,SriLanka,Cuttack,2014-11-02,ODI,211,8728
49,SriLanka,Ahmedabad,2014-11-06,ODI,212,8777
53,SriLanka,Hyderabad(Deccan),2014-11-09,ODI,213,8830
66,SriLanka,Kolkata,2014-11-13,ODI,214,8896
139,SriLanka,Ranchi,2014-11-16,ODI,215,9035
115,Australia,Adelaide,2014-12-09,Test,216,9150
141,Australia,Adelaide,2014-12-09,Test,217,9291
19,Australia,Brisbane,2014-12-17,Test,218,9310
1,Australia,Brisbane,2014-12-17,Test,219,9311
169,Australia,Melbourne,2014-12-26,Test,220,9480
54,Australia,Melbourne,2014-12-26,Test,221,9534
147,Australia,Sydney,2015-01-06,Test,222,9681
46,Australia,Sydney,2015-01-06,Test,223,9727
9,Australia,Melbourne,2015-01-18,ODI,224,9736
4,England,Brisbane,2015-01-20,ODI,225,9740
3,Australia,Sydney,2015-01-26,ODI,226,9743
8,England,Perth,2015-01-30,ODI,227,9751
107,Pakistan,Adelaide,2015-02-15,ODI,228,9858
46,SouthAfrica,Melbourne,2015-02-22,ODI,229,9904
33,U.A.E.,Perth,2015-02-28,ODI,230,9937
33,WestIndies,Perth,2015-03-06,ODI,231,9970
44,Ireland,Hamilton,2015-03-10,ODI,232,10014
38,Zimbabwe,Auckland,2015-03-14,ODI,233,10052
3,Bangladesh,Melbourne,2015-03-19,ODI,234,10055
1,Australia,Sydney,2015-03-26,ODI,235,10056
14,Bangladesh,Fatullah,2015-06-10,Test,236,10070
1,Bangladesh,Mirpur,2015-06-18,ODI,237,10071
23,Bangladesh,Mirpur,2015-06-21,ODI,238,10094
25,Bangladesh,Mirpur,2015-06-24,ODI,239,10119
103,SriLanka,Galle,2015-08-12,Test,240,10222
3,SriLanka,Galle,2015-08-12,Test,241,10225
78,SriLanka,Colombo(PSS),2015-08-20,Test,242,10303
10,SriLanka,Colombo(PSS),2015-08-20,Test,243,10313
18,SriLanka,Colombo(SSC),2015-08-28,Test,244,10331
21,SriLanka,Colombo(SSC),2015-08-28,Test,245,10352
43,SouthAfrica,Dharamsala,2015-10-02,T20,246,10395
1,SouthAfrica,Cuttack,2015-10-05,T20,247,10396
11,SouthAfrica,Kanpur,2015-10-11,ODI,248,10407
12,SouthAfrica,Indore,2015-10-14,ODI,249,10419
77,SouthAfrica,Rajkot,2015-10-18,ODI,250,10496
138,SouthAfrica,Chennai,2015-10-22,ODI,251,10634
7,SouthAfrica,Wankhede,2015-10-25,ODI,252,10641
1,SouthAfrica,Mohali,2015-11-05,Test,253,10642
29,SouthAfrica,Mohali,2015-11-05,Test,254,10671
22,SouthAfrica,Nagpur,2015-11-25,Test,255,10693
16,SouthAfrica,Nagpur,2015-11-25,Test,256,10709
44,SouthAfrica,Delhi,2015-12-03,Test,257,10753
88,SouthAfrica,Delhi,2015-12-03,Test,258,10841
91,Australia,Perth,2016-01-12,ODI,259,10932
59,Australia,Brisbane,2016-01-15,ODI,260,10991
117,Australia,Melbourne,2016-01-17,ODI,261,11108
106,Australia,Canberra,2016-01-20,ODI,262,11214
8,Australia,Sydney,2016-01-23,ODI,263,11222
90,Australia,Adelaide,2016-01-26,T20,264,11312
59,Australia,Melbourne,2016-01-29,T20,265,11371
50,Australia,Sydney,2016-01-31,T20,266,11421
7,Bangladesh,Mirpur,2016-02-24,T20,267,11428
49,Pakistan,Mirpur,2016-02-27,T20,268,11477
56,SriLanka,Mirpur,2016-03-01,T20,269,11533
41,Bangladesh,Mirpur,2016-03-06,T20,270,11574
23,NewZealand,Nagpur,2016-03-15,T20,271,11597
55,Pakistan,Kolkata,2016-03-19,T20,272,11652
24,Bangladesh,Bengaluru,2016-03-23,T20,273,11676
82,Australia,Mohali,2016-03-27,T20,274,11758
89,WestIndies,Wankhede,2016-03-31,T20,275,11847
200,WestIndies,NorthSound,2016-07-21,Test,276,12047
44,WestIndies,Kingston,2016-07-30,Test,277,12091
3,WestIndies,GrosIslet,2016-08-09,Test,278,12094
4,WestIndies,GrosIslet,2016-08-09,Test,279,12098
16,WestIndies,Lauderhill,2016-08-27,T20,280,12114
9,NewZealand,Kanpur,2016-09-22,Test,281,12123
18,NewZealand,Kanpur,2016-09-22,Test,282,12141
9,NewZealand,Kolkata,2016-09-30,Test,283,12150
45,NewZealand,Kolkata,2016-09-30,Test,284,12195
211,NewZealand,Indore,2016-10-08,Test,285,12406
17,NewZealand,Indore,2016-10-08,Test,286,12423
85,NewZealand,Dharamsala,2016-10-16,ODI,287,12508
9,NewZealand,Delhi,2016-10-20,ODI,288,12517
154,NewZealand,Mohali,2016-10-23,ODI,289,12671
45,NewZealand,Ranchi,2016-10-26,ODI,290,12716
65,NewZealand,Visakhapatnam,2016-10-29,ODI,291,12781
40,England,Rajkot,2016-11-09,Test,292,12821
49,England,Rajkot,2016-11-09,Test,293,12870
167,England,Visakhapatnam,2016-11-17,Test,294,13037
81,England,Visakhapatnam,2016-11-17,Test,295,13118
62,England,Mohali,2016-11-26,Test,296,13180
6,England,Mohali,2016-11-26,Test,297,13186
235,England,Wankhede,2016-12-08,Test,298,13421
15,England,Chennai,2016-12-16,Test,299,13436
122,England,Pune,2017-01-15,ODI,300,13558
8,England,Cuttack,2017-01-19,ODI,301,13566
55,England,Kolkata,2017-01-22,ODI,302,13621
29,England,Kanpur,2017-01-26,T20,303,13650
21,England,Nagpur,2017-01-29,T20,304,13671
2,England,Bengaluru,2017-02-01,T20,305,13673
204,Bangladesh,Hyderabad(Deccan),2017-02-09,Test,306,13877
38,Bangladesh,Hyderabad(Deccan),2017-02-09,Test,307,13915
0,Australia,Pune,2017-02-23,Test,308,13915
13,Australia,Pune,2017-02-23,Test,309,13928
12,Australia,Bengaluru,2017-03-04,Test,310,13940
15,Australia,Bengaluru,2017-03-04,Test,311,13955
6,Australia,Ranchi,2017-03-16,Test,312,13961
81,Pakistan,Birmingham,2017-06-04,ODI,313,14042
0,SriLanka,TheOval,2017-06-08,ODI,314,14042
76,SouthAfrica,TheOval,2017-06-11,ODI,315,14118
96,Bangladesh,Birmingham,2017-06-15,ODI,316,14214
5,Pakistan,TheOval,2017-06-18,ODI,317,14219
32,WestIndies,PortofSpain,2017-06-23,ODI,318,14251
87,WestIndies,PortofSpain,2017-06-25,ODI,319,14338
11,WestIndies,NorthSound,2017-06-30,ODI,320,14349
3,WestIndies,NorthSound,2017-07-02,ODI,321,14352
111,WestIndies,Kingston,2017-07-06,ODI,322,14463
39,WestIndies,Kingston,2017-07-09,T20,323,14502
3,SriLanka,Galle,2017-07-26,Test,324,14505
103,SriLanka,Galle,2017-07-26,Test,325,14608
13,SriLanka,Colombo(SSC),2017-08-03,Test,326,14621
42,SriLanka,Pallekele,2017-08-12,Test,327,14663
82,SriLanka,Dambulla,2017-08-20,ODI,328,14745
4,SriLanka,Pallekele,2017-08-24,ODI,329,14749
3,SriLanka,Pallekele,2017-08-27,ODI,330,14752
131,SriLanka,Colombo(RPS),2017-08-31,ODI,331,14883
110,SriLanka,Colombo(RPS),2017-09-03,ODI,332,14993
82,SriLanka,Colombo(RPS),2017-09-06,T20,333,15075
0,Australia,Chennai,2017-09-17,ODI,334,15075
92,Australia,Kolkata,2017-09-21,ODI,335,15167
28,Australia,Indore,2017-09-24,ODI,336,15195
21,Australia,Bengaluru,2017-09-28,ODI,337,15216
39,Australia,Nagpur,2017-10-01,ODI,338,15255
22,Australia,Ranchi,2017-10-07,T20,339,15277
0,Australia,Guwahati,2017-10-10,T20,340,15277
121,NewZealand,Wankhede,2017-10-22,ODI,341,15398
29,NewZealand,Pune,2017-10-25,ODI,342,15427
113,NewZealand,Kanpur,2017-10-29,ODI,343,15540
26,NewZealand,Delhi,2017-11-01,T20,344,15566
65,NewZealand,Rajkot,2017-11-04,T20,345,15631
13,NewZealand,Thiruvananthapuram,2017-11-07,T20,346,15644
0,SriLanka,Kolkata,2017-11-16,Test,347,15644
104,SriLanka,Kolkata,2017-11-16,Test,348,15748
213,SriLanka,Nagpur,2017-11-24,Test,349,15961
243,SriLanka,Delhi,2017-12-02,Test,350,16204
50,SriLanka,Delhi,2017-12-02,Test,351,16254
5,SouthAfrica,CapeTown,2018-01-05,Test,352,16259
28,SouthAfrica,CapeTown,2018-01-05,Test,353,16287
153,SouthAfrica,Centurion,2018-01-13,Test,354,16440
5,SouthAfrica,Centurion,2018-01-13,Test,355,16445
54,SouthAfrica,Johannesburg,2018-01-24,Test,356,16499
41,SouthAfrica,Johannesburg,2018-01-24,Test,357,16540
112,SouthAfrica,Durban,2018-02-01,ODI,358,16652
46,SouthAfrica,Centurion,2018-02-04,ODI,359,16698
160,SouthAfrica,CapeTown,2018-02-07,ODI,360,16858
75,SouthAfrica,Johannesburg,2018-02-10,ODI,361,16933
36,SouthAfrica,Gqeberha,2018-02-13,ODI,362,16969
129,SouthAfrica,Centurion,2018-02-16,ODI,363,17098
26,SouthAfrica,Johannesburg,2018-02-18,T20,364,17124
1,SouthAfrica,Centurion,2018-02-21,T20,365,17125
0,Ireland,Dublin(Malahide),2018-06-27,T20,366,17125
9,Ireland,Dublin(Malahide),2018-06-29,T20,367,17134
20,England,Manchester,2018-07-03,T20,368,17154
47,England,Cardiff,2018-07-06,T20,369,17201
43,England,Bristol,2018-07-08,T20,370,17244
75,England,Nottingham,2018-07-12,ODI,371,17319
45,England,Lord's,2018-07-14,ODI,372,17364
71,England,Leeds,2018-07-17,ODI,373,17435
149,England,Birmingham,2018-08-01,Test,374,17584
51,England,Birmingham,2018-08-01,Test,375,17635
23,England,Lord's,2018-08-09,Test,376,17658
17,England,Lord's,2018-08-09,Test,377,17675
97,England,Nottingham,2018-08-18,Test,378,17772
103,England,Nottingham,2018-08-18,Test,379,17875
46,England,Southampton,2018-08-30,Test,380,17921
58,England,Southampton,2018-08-30,Test,381,17979
49,England,TheOval,2018-09-07,Test,382,18028
0,England,TheOval,2018-09-07,Test,383,18028
139,WestIndies,Rajkot,2018-10-04,Test,384,18167
45,WestIndies,Hyderabad(Deccan),2018-10-12,Test,385,18212
140,WestIndies,Guwahati,2018-10-21,ODI,386,18352
157,WestIndies,Visakhapatnam,2018-10-24,ODI,387,18509
107,WestIndies,Pune,2018-10-27,ODI,388,18616
16,WestIndies,Brabourne,2018-10-29,ODI,389,18632
33,WestIndies,Thiruvananthapuram,2018-11-01,ODI,390,18665
4,Australia,Brisbane,2018-11-21,T20,391,18669
61,Australia,Sydney,2018-11-25,T20,392,18730
3,Australia,Adelaide,2018-12-06,Test,393,18733
34,Australia,Adelaide,2018-12-06,Test,394,18767
123,Australia,Perth,2018-12-14,Test,395,18890
17,Australia,Perth,2018-12-14,Test,396,18907
82,Australia,Melbourne,2018-12-26,Test,397,18989
0,Australia,Melbourne,2018-12-26,Test,398,18989
23,Australia,Sydney,2019-01-03,Test,399,19012
3,Australia,Sydney,2019-01-12,ODI,400,19015
104,Australia,Adelaide,2019-01-15,ODI,401,19119
46,Australia,Melbourne,2019-01-18,ODI,402,19165
45,NewZealand,Napier,2019-01-23,ODI,403,19210
43,NewZealand,MountMaunganui,2019-01-26,ODI,404,19253
60,NewZealand,MountMaunganui,2019-01-28,ODI,405,19313
24,Australia,Visakhapatnam,2019-02-24,T20,406,19337
72,Australia,Bengaluru,2019-02-27,T20,407,19409
44,Australia,Hyderabad(Deccan),2019-03-02,ODI,408,19453
116,Australia,Nagpur,2019-03-05,ODI,409,19569
123,Australia,Ranchi,2019-03-08,ODI,410,19692
7,Australia,Mohali,2019-03-10,ODI,411,19699
20,Australia,Delhi,2019-03-13,ODI,412,19719
18,SouthAfrica,Southampton,2019-06-05,ODI,413,19737
82,Australia,TheOval,2019-06-09,ODI,414,19819
77,Pakistan,Manchester,2019-06-16,ODI,415,19896
67,Afghanistan,Southampton,2019-06-22,ODI,416,19963
72,WestIndies,Manchester,2019-06-27,ODI,417,20035
66,England,Birmingham,2019-06-30,ODI,418,20101
26,Bangladesh,Birmingham,2019-07-02,ODI,419,20127
34,SriLanka,Leeds,2019-07-06,ODI,420,20161
1,NewZealand,Manchester,2019-07-09,ODI,421,20162
19,WestIndies,Lauderhill,2019-08-03,T20,422,20181
28,WestIndies,Lauderhill,2019-08-04,T20,423,20209
59,WestIndies,Providence,2019-08-06,T20,424,20268
120,WestIndies,PortofSpain,2019-08-11,ODI,425,20388
114,WestIndies,PortofSpain,2019-08-14,ODI,426,20502
9,WestIndies,NorthSound,2019-08-22,Test,427,20511
51,WestIndies,NorthSound,2019-08-22,Test,428,20562
76,WestIndies,Kingston,2019-08-30,Test,429,20638
0,WestIndies,Kingston,2019-08-30,Test,430,20638
72,SouthAfrica,Mohali,2019-09-18,T20,431,20710
9,SouthAfrica,Bengaluru,2019-09-22,T20,432,20719
20,SouthAfrica,Visakhapatnam,2019-10-02,Test,433,20739
31,SouthAfrica,Visakhapatnam,2019-10-02,Test,434,20770
254,SouthAfrica,Pune,2019-10-10,Test,435,21024
12,SouthAfrica,Ranchi,2019-10-19,Test,436,21036
0,Bangladesh,Indore,2019-11-14,Test,437,21036
136,Bangladesh,Kolkata,2019-11-22,Test,438,21172
94,WestIndies,Hyderabad(Deccan),2019-12-06,T20,439,21266
19,WestIndies,Thiruvananthapuram,2019-12-08,T20,440,21285
70,WestIndies,Wankhede,2019-12-11,T20,441,21355
4,WestIndies,Chennai,2019-12-15,ODI,442,21359
0,WestIndies,Visakhapatnam,2019-12-18,ODI,443,21359
85,WestIndies,Cuttack,2019-12-22,ODI,444,21444
30,SriLanka,Indore,2020-01-07,T20,445,21474
26,SriLanka,Pune,2020-01-10,T20,446,21500
16,Australia,Wankhede,2020-01-14,ODI,447,21516
78,Australia,Rajkot,2020-01-17,ODI,448,21594
89,Australia,Bengaluru,2020-01-19,ODI,449,21683
45,NewZealand,Auckland,2020-01-24,T20,450,21728
11,NewZealand,Auckland,2020-01-26,T20,451,21739
38,NewZealand,Hamilton,2020-01-29,T20,452,21777
11,NewZealand,Wellington,2020-01-31,T20,453,21788
51,NewZealand,Hamilton,2020-02-05,ODI,454,21839
15,NewZealand,Auckland,2020-02-08,ODI,455,21854
9,NewZealand,MountMaunganui,2020-02-11,ODI,456,21863
2,NewZealand,Wellington,2020-02-21,Test,457,21865
19,NewZealand,Wellington,2020-02-21,Test,458,21884
3,NewZealand,Christchurch,2020-02-29,Test,459,21887
14,NewZealand,Christchurch,2020-02-29,Test,460,21901
21,Australia,Sydney,2020-11-27,ODI,461,21922
89,Australia,Sydney,2020-11-29,ODI,462,22011
63,Australia,Canberra,2020-12-02,ODI,463,22074
9,Australia,Canberra,2020-12-04,T20,464,22083
40,Australia,Sydney,2020-12-06,T20,465,22123
85,Australia,Sydney,2020-12-08,T20,466,22208
74,Australia,Adelaide,2020-12-17,Test,467,22282
4,Australia,Adelaide,2020-12-17,Test,468,22286
11,England,Chennai,2021-02-05,Test,469,22297
72,England,Chennai,2021-02-05,Test,470,22369
0,England,Chennai,2021-02-13,Test,471,22369
62,England,Chennai,2021-02-13,Test,472,22431
27,England,Ahmedabad,2021-02-24,Test,473,22458
0,England,Ahmedabad,2021-03-04,Test,474,22458
0,England,Ahmedabad,2021-03-12,T20,475,22458
73,England,Ahmedabad,2021-03-14,T20,476,22531
77,England,Ahmedabad,2021-03-16,T20,477,22608
1,England,Ahmedabad,2021-03-18,T20,478,22609
80,England,Ahmedabad,2021-03-20,T20,479,22689
56,England,Pune,2021-03-23,ODI,480,22745
66,England,Pune,2021-03-26,ODI,481,22811
7,England,Pune,2021-03-28,ODI,482,22818
44,NewZealand,Southampton,2021-06-18,Test,483,22862
13,NewZealand,Southampton,2021-06-18,Test,484,22875
0,England,Nottingham,2021-08-04,Test,485,22875
42,England,Lord's,2021-08-12,Test,486,22917
20,England,Lord's,2021-08-12,Test,487,22937
7,England,Leeds,2021-08-25,Test,488,22944
55,England,Leeds,2021-08-25,Test,489,22999
50,England,TheOval,2021-09-02,Test,490,23049
44,England,TheOval,2021-09-02,Test,491,23093
57,Pakistan,Dubai(DSC),2021-10-24,T20,492,23150
9,NewZealand,Dubai(DSC),2021-10-31,T20,493,23159
2,Scotland,Dubai(DSC),2021-11-05,T20,494,23161
0,NewZealand,Wankhede,2021-12-03,Test,495,23161
36,NewZealand,Wankhede,2021-12-03,Test,496,23197
35,SouthAfrica,Centurion,2021-12-26,Test,497,23232
18,SouthAfrica,Centurion,2021-12-26,Test,498,23250
79,SouthAfrica,CapeTown,2022-01-11,Test,499,23329
29,SouthAfrica,CapeTown,2022-01-11,Test,500,23358
51,SouthAfrica,Paarl,2022-01-19,ODI,501,23409
0,SouthAfrica,Paarl,2022-01-21,ODI,502,23409
65,SouthAfrica,CapeTown,2022-01-23,ODI,503,23474
8,WestIndies,Ahmedabad,2022-02-06,ODI,504,23482
18,WestIndies,Ahmedabad,2022-02-09,ODI,505,23500
0,WestIndies,Ahmedabad,2022-02-11,ODI,506,23500
17,WestIndies,Kolkata,2022-02-16,T20,507,23517
52,WestIndies,Kolkata,2022-02-18,T20,508,23569
45,SriLanka,Mohali,2022-03-04,Test,509,23614
23,SriLanka,Bengaluru,2022-03-12,Test,510,23637
13,SriLanka,Bengaluru,2022-03-12,Test,511,23650
11,England,Birmingham,2022-07-01,Test,512,23661
20,England,Birmingham,2022-07-01,Test,513,23681
1,England,Birmingham,2022-07-09,T20,514,23682
11,England,Nottingham,2022-07-10,T20,515,23693
16,England,Lord's,2022-07-14,ODI,516,23709
